cod_Vendedor;nome;dataNasc;genero;dependentes
e447-!hm5;Timofei Linkie;21/03/1997;Male;3
e440-!zb5;Oneida Cross;25/12/1990;Male;4
b448-!ws5;Bastien Malden;31/08/1991;Female;0
x442-!lk5;Anne-corinne Connop;16/04/1998;Male;2
z445-!au5;Rhiamon Dowdam;30/11/1999;Male;1
e440-!ez5;Scot Perillo;26/10/1993;Male;0
o449-!sl5;Coretta Aizik;10/07/1991;Male;2
z441-!aj5;Eirena Pauel;19/12/1993;Female;4
s445-!y35;Teodora Upston;05/09/1995;Female;0
u443-!w95;Dominic Spandley;11/10/1998;Female;1
s449-!os5;Brandea Maunders;22/11/1991;Male;1
e448-!lp5;Yorgo Tollemache;22/12/1992;Male;3
q445-!dw5;Kenyon Andrzejak;05/07/1995;Female;0
j444-!co5;Carlie Elsom;18/12/1996;Male;0
t445-!au5;Hephzibah Abbotts;09/11/1992;Male;2
h447-!dn5;Danny Burbridge;24/07/1998;Male;4
u442-!ae5;Oates Derill;14/08/1996;Male;2
d446-!hp5;Randie Fazackerley;17/02/1996;Female;3
s442-!km5;Willie Andreu;13/08/1990;Female;0
w449-!nj5;Viva Wall;03/08/1998;Male;2
a449-!t05;Darleen Hardson;03/06/1990;Female;1
x443-!fc5;Ivor Greste;23/12/1992;Female;4
o445-!uj5;Perice Limeburner;06/08/1998;Male;5
k440-!p35;Davis Gheeorghie;24/07/1992;Female;2
o449-!s75;Ulberto Ilson;11/05/1996;Male;3
v445-!na5;Ricard Scaice;14/08/1991;Male;3
f447-!zy5;Yankee Milbank;26/02/1992;Male;0
h440-!vm5;Nanette Hodcroft;08/11/1998;Female;0
z447-!x85;Pietro Segeswoeth;28/10/1992;Female;3
r449-!dc5;Joscelin Grigolashvill;19/02/1993;Male;1
l447-!nw5;Jackquelin Sandland;27/04/1993;Male;4
a442-!gl5;Orlando Steutly;23/08/1995;Male;2
e445-!t45;Annelise Basile;17/08/1993;Female;3
r441-!ej5;Westley Sallan;24/05/1990;Female;4
s441-!zu5;Rustin Brownstein;10/05/1990;Male;4
d448-!hx5;Freeland Canet;13/08/1994;Female;2
m448-!fc5;Dale Scantleberry;03/09/1993;Female;0
g449-!i05;Athena Feathersby;31/12/1991;Male;1
y441-!l75;Magdaia Ciotto;27/08/1993;Female;3
s444-!gd5;Patty Sivior;12/10/1991;Female;5
d442-!xc5;Roxanne Rohfsen;30/11/1990;Female;0
r445-!za5;Gabey Riddich;24/08/1998;Male;3
f443-!fg5;Klarika Lyford;19/01/1992;Female;1
v449-!pn5;Karlen Warde;04/08/1990;Female;5
r446-!i15;Lew Bend;26/11/1993;Female;1
d449-!k45;Gregory Lardiner;10/11/1993;Male;3
e445-!l15;Elwyn O'Gormally;25/08/1993;Female;3
j446-!sx5;Devin Abrahamowitcz;27/07/1992;Male;4
e442-!gh5;Farah Gaber;20/11/1996;Male;2
o448-!nt5;Martina Reddecliffe;04/01/1998;Male;1
j441-!w55;Lazaro Hathway;17/10/1990;Male;4
h446-!ms5;Marlyn Pitkin;11/11/1996;Male;1
k444-!u25;Bentlee Tetther;15/02/1997;Female;3
v440-!pn5;Alejandrina Tuhy;27/05/1998;Female;5
d449-!nr5;Kristian Passmore;12/06/1994;Female;1
v444-!yr5;Georgie Bennedsen;24/05/1995;Male;2
d442-!i15;Craggie Austwick;10/04/1992;Male;5
i445-!ti5;Webb Cadge;27/08/1999;Male;4
u442-!f35;Maris Bentz;02/02/1994;Female;3
o440-!xs5;Tarrah Dorning;21/08/1991;Female;3
c446-!ye5;Maia Alishoner;05/04/1996;Male;1
y440-!cp5;Dina Hurch;23/10/1991;Male;3
a449-!pg5;Morna Woodall;18/07/1996;Female;4
n445-!ox5;Victoir Rafter;09/02/1997;Male;0
n440-!gd5;Read Tarr;03/07/1998;Male;3
v441-!af5;Olag Yve;18/04/1991;Male;2
y440-!kx5;Myranda Skeene;15/09/1991;Male;3
l442-!qu5;Andriana Likly;13/08/1994;Female;2
g440-!zk5;Toddie Stopper;26/09/1992;Female;5
k442-!zs5;Humbert Murdie;13/05/1997;Female;5
b447-!fw5;Georgie Girardini;08/02/1998;Female;4
f448-!mg5;Dollie Nealy;30/03/1990;Female;1
t448-!qc5;Karola Bramley;18/05/1997;Male;2
n449-!x35;Klemens Gee;09/07/1994;Female;2
n447-!p15;Lazaro Bickerdyke;16/08/1998;Female;1
x447-!nn5;Inger Strafford;11/05/1993;Male;2
z447-!az5;Gabrila Yurin;13/09/1995;Female;5
s449-!ef5;Anna-maria Portchmouth;13/04/1996;Male;1
c446-!oh5;Holmes Gerrill;29/10/1997;Male;4
i446-!sv5;Aundrea O'Longain;23/01/1996;Female;1
d445-!cf5;Alfy Straine;08/05/1991;Male;3
s449-!za5;Sebastian Mote;28/11/1998;Male;2
e448-!x05;Lutero Querree;06/06/1996;Male;1
s447-!fw5;Annice Sparwell;06/04/1999;Female;5
o449-!gq5;Bordy Labell;23/02/1990;Male;5
j446-!od5;Terrye Gittings;31/08/1993;Male;4
x449-!c25;Edita Nowell;10/05/1990;Male;0
n444-!pl5;Grannie Killingsworth;25/03/1993;Male;2
u440-!ya5;Rani Costley;28/06/1993;Female;3
l445-!tv5;Woodie Wilsher;27/12/1997;Female;1
k440-!mb5;Goldarina Fiddeman;29/10/1996;Male;4
u448-!yf5;Merola Sinnett;26/10/1995;Male;4
e448-!s15;Cointon Esberger;17/12/1997;Female;0
p440-!vo5;Roseline Crannage;02/10/1999;Female;5
s444-!mj5;Genevieve Neath;10/04/1993;Male;3
u445-!qx5;Lucine Renish;13/05/1998;Female;4
r448-!k15;Teriann Eyes;05/06/1996;Female;3
g442-!vc5;Ainslie Crone;16/03/1997;Female;1
r444-!z35;Marcella Rosenthal;02/07/1997;Female;5
c446-!pc5;Madelene Nussii;02/06/1993;Female;0
f447-!oi5;Fredelia Pocknoll;27/08/1992;Male;3
c449-!et5;Anette Blakemore;05/07/1993;Male;0
m442-!qk5;Olivier Renbold;04/10/1997;Female;5
f443-!di5;Darline Romaint;17/10/1992;Male;2
v440-!if5;Wendell Wethey;02/04/1991;Male;2
l440-!pj5;Caria Lobell;17/02/1993;Male;1
d448-!p15;Ben McCarlich;05/12/1991;Male;1
s448-!jq5;Jackie Olenin;26/09/1992;Female;5
u442-!k05;Tirrell Lamblot;06/06/1995;Male;4
w440-!gf5;Jeremy Bulford;17/10/1995;Male;2
k442-!by5;Tessi Keddie;23/06/1994;Female;1
n440-!yg5;Judon Peckham;26/08/1994;Female;2
q443-!u85;Dennie Chishull;31/07/1999;Female;5
g442-!lb5;Marielle Vagges;23/01/1992;Female;3
h440-!qr5;Peirce Cheverton;13/04/1993;Male;1
u442-!i95;Quinn Kilbee;19/01/1990;Male;4
p441-!qu5;Alfi Jahnig;15/11/1994;Male;1
c442-!s35;Carlene Petruszka;28/05/1996;Male;4
r448-!v25;Allis Kirkman;08/04/1993;Male;2
z441-!up5;Bev Van Arsdall;18/11/1990;Male;5
r446-!kq5;Gwenore Massow;27/02/1993;Male;5
m445-!yp5;Enrichetta Fahrenbacher;13/10/1995;Male;2
j442-!zp5;Otes Heazel;08/02/1992;Male;4
s441-!jl5;Richardo Eshelby;29/07/1996;Male;3
i440-!iv5;Doy Curthoys;04/02/1996;Female;2
z447-!qi5;Rozalie Wilkenson;16/05/1998;Female;5
q440-!g85;Washington Benzie;14/03/1998;Male;0
z440-!os5;Dimitri Hateley;31/03/1997;Male;5
f441-!ja5;Kerrill Meckiff;09/02/1993;Female;1
g440-!vb5;Cesar Filgate;13/09/1993;Female;4
z443-!y55;Thurston Schruurs;24/09/1990;Male;3
j445-!vk5;Tommie Deveril;20/03/1997;Female;0
f447-!u05;Marylinda Ruvel;23/10/1992;Female;3
h440-!st5;Caralie Whoston;16/07/1990;Male;4
i441-!l35;Harvey Lever;19/01/1992;Female;0
u443-!rn5;Duff Warfield;15/10/1998;Male;3
y441-!ch5;Odella Golda;03/03/1998;Female;4
w445-!jd5;Amabelle Simonelli;19/10/1998;Male;4
s442-!ub5;Mitzi Bartocci;20/01/1991;Female;2
g441-!tp5;Ailee Toohey;14/07/1991;Male;5
w440-!qg5;Delphinia Bunclark;02/11/1993;Female;4
z443-!h85;Nikkie Pahler;09/11/1991;Female;5
p448-!yu5;Jena Turfin;22/07/1999;Male;5
n449-!zs5;Lynne Warcup;15/06/1997;Female;0
y446-!no5;Derward Tuftin;30/12/1994;Female;0
u442-!sk5;Bonny Covet;18/11/1996;Male;2
k448-!tq5;Bo Swapp;08/10/1995;Female;0
e448-!ck5;Osborn Neames;21/12/1996;Female;1
i449-!oz5;Worthington Josef;22/10/1995;Male;5
y449-!t55;Debi Rope;01/01/1998;Male;4
b440-!eg5;Estele Perrone;28/04/1992;Female;3
k441-!mn5;Shaylah Bendix;29/12/1993;Male;0
k449-!hn5;Joyan Edmunds;19/08/1995;Male;5
c447-!vv5;Nathaniel Kretschmer;30/06/1997;Female;5
q441-!t95;Cello Hearmon;04/07/1992;Female;1
t446-!rd5;Dyanna Soares;10/10/1995;Female;3
w445-!qn5;Allis Swires;07/07/1998;Female;5
t447-!fj5;Tristam Tubbs;12/06/1995;Female;3
h443-!sa5;Parsifal McJury;30/06/1999;Male;4
t445-!kc5;Brooks Fenner;19/04/1994;Female;4
k443-!bb5;Don Maulkin;07/08/1990;Female;4
h445-!ol5;Addie Instock;09/05/1996;Male;2
y448-!kh5;Cheslie Lawee;27/03/1994;Female;1
l449-!mk5;Joela Blader;08/05/1998;Female;4
c447-!ak5;Zechariah Blanchard;22/09/1994;Male;1
u443-!qc5;Vina Cupitt;14/05/1996;Male;0
j448-!my5;Saunders Leindecker;21/09/1995;Female;4
g440-!um5;Mignonne Shanley;12/04/1993;Male;5
s447-!pf5;Glenine Salzburg;16/03/1999;Female;4
i440-!sk5;Anthia Phebee;26/03/1996;Male;0
w444-!av5;Adelaida Tupp;16/04/1996;Female;0
n442-!jr5;Lib Fausset;30/01/1991;Male;5
b444-!rv5;Burke Sayes;30/08/1997;Male;1
o440-!r75;Garfield Clissold;28/09/1990;Male;0
i443-!av5;Xenos Flagg;05/04/1999;Female;2
h441-!a85;Jammal Budleigh;13/12/1998;Female;3
k445-!xk5;Christoph Possek;14/08/1996;Female;0
j449-!ln5;Sorcha Piers;13/06/1999;Female;2
q444-!q35;Lev Cranefield;07/12/1996;Female;4
p449-!qa5;Halsey Strank;14/11/1993;Male;0
l444-!q35;Sammy Gillies;17/10/1998;Female;5
l440-!bw5;Stephanie McGaughay;18/06/1999;Male;2
n448-!v45;Shirley Lewknor;13/03/1990;Female;5
w441-!dg5;Belva Perren;07/09/1995;Female;0
m442-!q65;Welch Everal;05/08/1995;Male;3
t448-!hr5;Michel Renshell;26/06/1996;Male;5
s440-!a55;Killie Casino;11/01/1998;Male;2
q448-!jc5;Vania Fleckney;05/09/1998;Male;4
x447-!gz5;Carter Hayball;02/11/1990;Male;5
l447-!t05;Inga Branigan;15/12/1997;Female;1
k441-!wd5;Buddie Purkiss;29/12/1990;Male;0
n446-!k95;Austina Rowles;27/04/1995;Female;3
h446-!xt5;Gawen McKern;02/08/1993;Male;2
i440-!oc5;Bjorn Shaxby;21/10/1994;Female;2
y440-!nm5;Adi Matuska;16/04/1992;Female;1
b446-!aj5;Neddy Glasner;17/11/1991;Female;1
u441-!nq5;Estel Dog;15/03/1997;Male;2
u444-!wh5;Gavin Bradnock;16/12/1992;Male;2
e443-!c85;Antoni Dunstall;24/03/1995;Female;1
v440-!dv5;Adriena Puttan;22/09/1994;Female;5
w449-!o45;Derrek Baynard;22/06/1999;Female;5
c445-!hp5;Ewen Shera;16/08/1993;Male;3
g442-!mr5;Archibaldo Issacoff;22/07/1994;Male;3
z443-!vp5;Jane Perez;07/02/1999;Female;4
a440-!lf5;Raffaello Hynes;19/02/1997;Female;0
o448-!nw5;Filip Redemile;30/04/1992;Male;0
j444-!j55;Tiphani Howood;31/10/1999;Female;0
w446-!bk5;Del Rawlinson;06/03/1996;Female;1
i446-!ag5;Lindy Luna;12/03/1999;Male;4
a444-!ab5;Jessie Pyffe;03/09/1996;Female;3
k443-!m05;Leonelle Charlo;11/06/1993;Male;0
j440-!kv5;Starlene Tatlock;30/07/1998;Female;1
j445-!ei5;Jordana Howsden;08/04/1999;Female;3
y442-!f75;Rebbecca Ewbank;23/08/1996;Female;1
p441-!iv5;Torrance Aizikovitch;28/12/1993;Male;4
s445-!wr5;Orelia Grimsdith;07/12/1997;Female;2
m445-!h05;Colman Pulteneye;24/08/1990;Male;0
f449-!lu5;Ulric Leah;12/09/1991;Female;3
j445-!hp5;Trescha Parlor;12/12/1991;Male;2
b442-!tn5;Alexis Mc Gee;28/05/1990;Male;5
k441-!ln5;Elane Lavallie;01/05/1999;Female;2
i444-!m75;Teena Coldtart;30/04/1994;Female;0
s446-!ma5;Gilberte Krochmann;22/09/1997;Male;0
p444-!eh5;Valdemar Tarn;05/03/1994;Male;5
o445-!cb5;Judas Banbrook;21/09/1998;Male;3
m442-!vr5;Cory Dockray;06/03/1996;Male;4
i442-!vg5;Crichton Francescuzzi;18/12/1997;Female;0
c442-!u35;Margareta Goose;04/05/1999;Female;2
f440-!fv5;Gwen Caesman;09/12/1990;Female;1
m447-!e25;Irma Fearns;03/08/1998;Male;5
d448-!id5;Kelly Gallacher;22/04/1992;Female;0
m446-!qf5;Jarrad Hansford;04/11/1993;Male;2
f440-!fl5;Loni Seyfart;11/10/1992;Female;5
m447-!ls5;Lucinda Pidcock;30/01/1992;Female;4
v440-!l15;Harrie Shilvock;28/01/1998;Male;0
l447-!rj5;Axe Sneyd;31/10/1994;Female;4
h449-!p95;Karlyn Roggers;19/10/1998;Female;5
k440-!tg5;Raimund Cormode;19/02/1993;Female;1
j448-!td5;Nita Skeermor;09/04/1992;Male;3
l446-!cb5;Felicle Osselton;27/03/1994;Female;3
m449-!pd5;Annabell Estcot;16/06/1999;Female;2
q448-!nf5;Georgie Folomin;15/01/1991;Male;4
g448-!wl5;Teddy McGriele;31/12/1995;Female;2
x447-!gg5;Lisle Dow;12/11/1995;Female;2
i445-!l25;Cristal Cressey;26/12/1991;Female;3
l441-!f35;Hendrick Adolfson;12/02/1995;Female;2
f443-!sm5;Margi Sabathier;28/04/1994;Male;5
m446-!nm5;Etheline Lounds;20/02/1995;Female;3
b445-!ne5;Lydon Skelcher;07/09/1995;Female;5
m447-!e25;Bernardina Bladge;27/11/1996;Male;0
d444-!mp5;Whitaker Alu;22/01/1991;Male;0
t446-!tz5;Ellen Collinwood;14/02/1998;Female;4
a440-!os5;Galvin Sherreard;04/07/1994;Female;2
w446-!te5;Delano Verbrugghen;11/05/1992;Female;4
t444-!fi5;Liam Posselow;16/11/1994;Female;4
y449-!tv5;Faina Pichmann;22/05/1998;Male;3
d441-!ot5;Darleen Ritelli;03/05/1990;Female;0
g446-!kh5;Tabbie Thunder;04/11/1993;Male;0
n448-!ht5;Anetta Oehm;03/05/1992;Female;5
h446-!lu5;Allx Punyer;13/03/1992;Male;0
s444-!g85;Jolynn Aery;04/08/1993;Male;3
m445-!ex5;Frederique Slora;15/11/1990;Male;5
u446-!bk5;Sandra Arr;12/02/1997;Female;0
a445-!ff5;Spense Banbrick;06/04/1990;Female;2
o441-!oj5;Sallee Foddy;26/04/1991;Male;2
e445-!ob5;Georgetta Ipsly;29/11/1998;Male;5
n445-!iq5;Verne Kippin;24/05/1998;Male;2
i440-!fs5;Matti Adamiak;01/07/1992;Female;5
t444-!mz5;Kenyon Bessent;23/06/1996;Male;5
u444-!ba5;Farlee Elmes;01/11/1992;Female;4
f448-!x65;Paula Issatt;02/03/1997;Male;2
x440-!w35;Albertine Paulich;23/10/1997;Male;1
g449-!of5;Kennedy Affuso;07/08/1990;Male;2
c443-!ts5;Annissa Fitter;14/06/1996;Female;0
f444-!cc5;Renae Mooring;20/07/1998;Male;5
n442-!f75;Frants Joburn;27/04/1991;Female;5
w442-!tt5;Mirabel Pease;26/12/1995;Male;0
m445-!zh5;Crissy Bawden;17/09/1996;Male;5
z442-!xm5;Beverley Carpenter;07/08/1999;Male;0
t443-!ou5;Abby Geist;05/02/1994;Male;5
v440-!d25;Shea Siret;18/12/1999;Male;2
k440-!zn5;Marie Teese;17/09/1998;Female;4
f443-!lh5;Whittaker Zanolli;26/04/1993;Female;1
l442-!qd5;Diane-marie Fishleigh;19/08/1999;Male;1
m448-!ld5;Rudd Harmond;11/07/1996;Female;4
i444-!cj5;Skippie Luna;17/03/1997;Female;1
r444-!r25;Geoffry Legate;26/05/1991;Male;1
v448-!lb5;Amalee Lomath;23/01/1997;Female;3
o448-!kw5;Aloin Gergely;23/06/1990;Male;0
x449-!nm5;Davin Lehrer;10/02/1992;Male;0
v444-!qi5;Eldon Diplock;21/02/1990;Female;4
d448-!qi5;Charlean Burkitt;12/03/1992;Male;2
f446-!ve5;Salomi Spivie;17/06/1996;Female;3
q441-!xz5;Berke Heijnen;01/09/1998;Female;5
v443-!th5;Gabi Corroyer;21/10/1992;Male;4
d440-!sv5;Karon Papez;15/07/1990;Female;0
t442-!vo5;Dorry Favell;20/09/1998;Male;2
f445-!ll5;Ileane Muncie;21/01/1999;Female;2
b444-!rx5;Scarlett Bunney;10/06/1991;Female;3
c444-!b75;Cathyleen Yeoland;20/09/1995;Female;2
o448-!pa5;Georgena Scarrott;03/04/1997;Female;3
w446-!qq5;Ruddie Pledger;20/03/1991;Male;0
u440-!dz5;Malvin Coggin;01/03/1992;Male;4
q447-!de5;Cornie Bacop;19/10/1995;Female;0
g446-!xb5;Ennis Toland;04/01/1998;Male;1
m444-!bc5;Bev McGifford;24/06/1991;Male;3
s448-!im5;Sansone Clapson;16/06/1994;Female;4
o441-!i95;Ludovico Arnaud;27/11/1992;Female;2
h447-!o05;Gaven Marchiso;10/07/1993;Female;0
i443-!bq5;Germain Constable;08/12/1996;Male;4
a444-!ex5;Westbrook Joseff;08/02/1995;Female;2
n449-!vl5;Arny Bulfoot;29/07/1999;Male;3
y448-!v55;Gertrudis Botcherby;18/08/1993;Female;3
n447-!n05;Adolphus Abbatt;09/07/1994;Male;3
s448-!s25;Issie Cockin;31/05/1998;Female;1
y442-!xe5;Joela Bernardini;06/10/1996;Female;3
e445-!lg5;Dody Marns;03/06/1994;Male;4
z442-!i45;Mel Schohier;14/12/1995;Female;1
v443-!wv5;Ephrayim Waterhouse;30/06/1990;Male;0
e448-!ep5;Evania Lorkin;19/09/1995;Male;1
n441-!xz5;Phoebe Stivens;13/10/1996;Male;0
v445-!bt5;Malina Hazzard;27/03/1998;Male;5
a444-!o95;Marya Entreis;04/04/1996;Female;0
x449-!v85;Taddeusz Eliasen;16/07/1997;Male;2
c440-!kb5;Randolph Mouse;13/09/1990;Female;4
k442-!c25;Clem Leven;27/05/1997;Female;2
n444-!i05;Jerry Crooks;28/05/1996;Female;2
d442-!pn5;Ode Woolward;14/09/1999;Female;4
y443-!xi5;Thain Drinkhill;08/02/1995;Female;4
l448-!uq5;Coralyn Costa;18/03/1995;Female;2
u443-!gh5;Farlay Billyeald;05/09/1993;Female;5
k445-!ff5;Claudelle Gilhespy;30/03/1993;Male;3
u446-!ju5;Karoline Parysiak;01/10/1992;Male;1
n449-!xq5;Hayward Coggles;23/02/1993;Male;3
p447-!dq5;Heath Twopenny;19/09/1999;Female;1
w441-!ns5;James Rafter;27/12/1991;Female;4
t445-!cs5;Jacki MacCafferky;21/11/1995;Male;4
h443-!uk5;Bella Creelman;20/02/1991;Female;2
c445-!u55;Beniamino Le feuvre;14/03/1996;Male;2
c444-!rp5;Anstice Farrear;22/10/1995;Female;5
u440-!ty5;Jenda Seares;29/11/1995;Male;2
a449-!id5;Christine Moncey;13/09/1991;Female;5
c447-!wz5;Pattie Clempton;17/03/1994;Female;2
n444-!ik5;Domenic Schieferstein;08/08/1993;Female;4
y448-!wr5;Mayor Ughetti;02/08/1991;Male;2
t447-!u45;Kendra Povey;27/12/1991;Male;1
n445-!ue5;Justis Goodrick;28/10/1991;Male;2
x447-!wz5;Cristina Spyer;22/02/1993;Female;4
s448-!th5;Stella Struis;21/05/1999;Female;1
k444-!o95;Julianna Sabater;05/03/1990;Male;0
x447-!z15;Olivia Pipkin;07/09/1997;Female;0
v446-!fm5;Gerry Kestian;24/12/1997;Female;0
f440-!gd5;Loria Radden;29/05/1995;Male;2
n443-!y15;Tiphani MacDowall;12/03/1991;Male;2
u446-!se5;Janaye Huyghe;14/01/1991;Male;0
t448-!tt5;Doyle Caustic;02/11/1995;Female;1
f443-!sf5;Rycca Redholls;30/12/1999;Female;2
k446-!bk5;Othilia Nardi;27/06/1998;Female;4
c447-!fi5;Gerty Routh;18/12/1998;Male;5
r445-!yy5;Ara Fantonetti;06/06/1990;Female;2
p445-!lv5;Rich Grundwater;13/05/1991;Female;0
m449-!nl5;Chase Geockle;17/05/1998;Male;4
z449-!b35;Mair Grisedale;22/10/1994;Male;2
a445-!hx5;Morna Reye;22/11/1991;Male;0
z443-!cz5;Theo Marcos;14/12/1994;Female;4
w443-!kf5;Turner Duffrie;13/02/1994;Female;3
h442-!js5;Gert Ashbolt;16/12/1992;Male;3
s441-!z05;Cordell Stores;10/02/1999;Female;4
p448-!qn5;Will Eyes;30/07/1997;Male;3
t443-!b35;Eimile Edelman;04/05/1999;Male;3
b449-!nd5;Arin Fowden;22/09/1995;Female;1
u449-!m85;Madalyn Jedrych;27/12/1991;Male;0
d444-!sn5;Moritz Manass;06/11/1993;Female;3
j444-!lu5;Simmonds Cullinan;19/08/1991;Male;5
f448-!m35;Kim Skerrett;08/03/1990;Female;0
h445-!ei5;Mahmud Stutter;27/11/1997;Female;5
v449-!rx5;Minna Barnard;03/12/1991;Female;2
f445-!lz5;Claudianus Prestedge;25/08/1990;Female;4
a449-!b35;Keith Atwell;26/12/1994;Female;1
p449-!cn5;Amii Dillicate;23/04/1991;Female;3
v449-!gk5;Frayda Giblett;05/03/1996;Female;2
l447-!ki5;Alayne Jacobowitz;02/02/1993;Male;1
g448-!sv5;Janelle Luckman;09/07/1999;Male;4
h446-!ej5;Ennis Marcham;22/05/1998;Male;2
q444-!yu5;Hugo Meachan;26/01/1991;Female;4
d446-!bo5;Chevy Angell;01/03/1993;Female;3
n444-!x65;Joyous Doggerell;08/05/1994;Female;4
o443-!pw5;Benoit Jaegar;16/02/1999;Female;1
l446-!lv5;Burton Merring;14/02/1995;Female;3
j447-!vo5;Seymour Flowith;01/11/1997;Male;2
x443-!rc5;Parry Weadick;29/04/1993;Male;2
r445-!k45;Burgess Rissen;15/05/1997;Male;1
r442-!fl5;Joellyn Dwelly;31/05/1998;Male;0
w441-!wv5;Bibbye Cuberley;17/08/1999;Female;2
n442-!kl5;Aliza Touhig;19/11/1992;Male;1
c448-!ss5;Robinetta Whorf;21/10/1990;Male;0
s445-!ft5;North Borkett;07/11/1995;Male;3
x444-!fz5;Maxwell Rudinger;23/06/1990;Male;1
m446-!np5;Wallis Kmieciak;11/05/1998;Male;2
p441-!d95;Ammamaria Kernoghan;06/04/1999;Female;5
n441-!eu5;Nara Wollaston;24/06/1996;Female;0
w444-!du5;Hyacinthia Adcocks;22/08/1997;Male;3
v440-!v55;Langsdon O'Leary;04/04/1997;Male;0
s440-!a95;Klarrisa Littley;13/09/1994;Female;5
q448-!nb5;Mercie Jansens;06/01/1991;Male;3
o445-!by5;Cathrine Galletley;26/11/1992;Female;0
u447-!pp5;Inglis Fodden;20/11/1991;Male;2
y441-!np5;Jorey Sowten;08/02/1993;Female;3
a445-!ev5;Gibb Carden;18/11/1994;Female;1
x445-!e95;Helli Enterlein;06/07/1998;Female;3
g442-!du5;Blakelee Lempenny;25/06/1993;Male;5
q440-!sp5;Grayce Layzell;24/12/1995;Female;0
j447-!h75;Randolph Tothacot;15/07/1995;Male;5
v441-!gg5;Filip Woolfitt;30/10/1991;Female;1
i448-!f45;Blakelee Sparke;19/04/1990;Female;1
g445-!po5;Sarah Cheak;24/03/1994;Male;5
q444-!d35;Joyous Lamartine;06/01/1991;Female;0
a446-!nq5;Lillis Bahlmann;11/06/1998;Female;3
f440-!xc5;Candie Wonfor;20/09/1992;Female;5
u445-!yo5;Ivy Sparke;05/02/1994;Male;0
w444-!ur5;Magdalene Pellitt;01/08/1992;Male;5
g440-!cv5;Flor Tole;02/11/1996;Male;4
z444-!vx5;Merrile Yurlov;08/11/1997;Male;1
i442-!o05;Amabelle Sherel;07/11/1993;Male;1
b446-!q25;Dottie Sheran;16/12/1991;Male;5
y445-!uj5;Neall Gawkes;17/03/1994;Female;3
h447-!ka5;Mallorie Kilgannon;25/08/1990;Female;2
z449-!x05;Yance Sherrett;21/05/1996;Female;2
h448-!gx5;Karlene Peake;25/11/1992;Male;4
a441-!bn5;Violante Danev;18/12/1999;Female;4
o442-!uw5;Hodge Stanners;08/12/1996;Female;2
v445-!qg5;Jarret Tunnacliffe;01/11/1999;Female;4
t441-!w15;Vachel Frain;31/05/1991;Male;5
u446-!jz5;Casar Ioselevich;13/02/1992;Female;1
t441-!xk5;Sapphire Thickpenny;12/11/1998;Male;3
o440-!s85;Sal Stainton - Skinn;26/03/1993;Male;3
i440-!dt5;Annemarie Ginley;02/12/1992;Female;1
a440-!l95;Valida Battyll;07/07/1994;Female;4
c441-!p85;Maryann Deveraux;15/10/1993;Male;0
k441-!v85;Gage Doddemeede;29/07/1990;Female;5
f449-!dt5;Pernell Kimmons;07/12/1996;Male;3
w445-!zw5;Dom Sute;19/01/1995;Female;0
r440-!mq5;Enrica Ambrozik;02/05/1990;Female;5
i441-!bb5;Aloise Cazereau;28/10/1994;Female;3
t441-!yb5;Donal Riep;05/09/1993;Female;3
t440-!pv5;Farrah Haggarty;28/11/1996;Male;0
j446-!gs5;Way Domm;10/08/1995;Female;3
n445-!m25;Di Eldredge;28/07/1993;Female;5
k447-!fv5;Reagan Balsom;28/02/1996;Male;5
u448-!qf5;Jimmy Lindl;19/07/1991;Female;3
w445-!ms5;Edmon Lindemann;02/11/1992;Female;5
n441-!r75;Maryanna Hendren;12/08/1996;Female;0
w445-!y25;Stevy Taunton.;18/02/1998;Female;5
h442-!bm5;Micki Vouls;29/06/1999;Female;5
g442-!qf5;Maddie Cristofano;22/12/1998;Female;1
d441-!ly5;Peadar Klaff;25/12/1997;Male;0
t447-!d45;Abbie McNelly;18/12/1993;Male;0
e441-!pz5;Ardyce Iseton;28/02/1999;Female;0
d440-!cc5;Minnnie Yarham;08/04/1992;Male;2
z449-!eh5;Arvie Skitch;08/05/1992;Male;3
n442-!k25;Isabel Charlick;10/07/1996;Female;3
q447-!zj5;Gustie Beswetherick;13/04/1991;Male;5
m445-!ro5;Myron Cortes;27/08/1996;Male;1
g446-!mb5;Ottilie Gibbe;23/05/1996;Male;2
i441-!be5;Arlana Courtney;26/08/1995;Female;4
t442-!jo5;Nelli Thornthwaite;28/06/1997;Female;3
n442-!mb5;Rochell Morrott;09/10/1999;Female;1
e444-!f95;Micheline Fillery;03/11/1997;Female;5
t447-!gl5;Winne Tripon;16/03/1995;Male;4
i443-!jn5;Basilio Stonehouse;13/02/1996;Female;5
f448-!bn5;Dian Aidler;11/12/1998;Male;5
q449-!f35;Sandi Oswald;22/01/1992;Female;5
y447-!nf5;Gregorio Gregori;11/05/1993;Female;4
j448-!fq5;Francyne Butner;13/07/1993;Male;4
f444-!r35;Svend Cornewell;10/03/1994;Male;0
d441-!co5;Moira Grigoletti;04/03/1994;Female;2
n445-!hf5;Netty Bromell;26/10/1990;Female;5
l442-!na5;Francklyn Kleint;07/01/1996;Female;1
x441-!bl5;Maisey Benoit;01/05/1996;Male;5
f441-!zu5;Eyde Yeude;09/06/1997;Female;3
d447-!zt5;Corenda Awcock;27/08/1990;Male;0
q447-!wd5;Lily Murname;29/06/1996;Male;3
g445-!oy5;Veradis Gregr;16/05/1994;Male;3
r446-!le5;Laura MacPharlain;04/04/1990;Male;5
w448-!je5;Jsandye Auchinleck;02/08/1995;Male;2
x443-!oa5;Patrick Allred;19/09/1997;Male;4
h444-!lo5;Zorah Wait;02/03/1990;Male;1
j449-!db5;Jorrie Brozek;19/02/1992;Female;1
n443-!co5;Christian Whordley;11/04/1999;Male;3
j440-!rt5;Kata Riseborough;22/12/1993;Male;5
p447-!xu5;Ingram Brabon;10/12/1994;Female;5
g444-!fd5;Shepherd Blyde;04/03/1990;Male;1
p443-!z85;Torrence Ricca;19/07/1999;Male;2
j446-!bo5;Art Bliven;27/05/1998;Male;4
v448-!fg5;Griff Buzine;11/03/1994;Male;2
g449-!dk5;Gorden Carbery;14/03/1994;Male;3
j440-!sw5;Willette Lafrentz;03/06/1992;Female;1
f440-!so5;Ann-marie Payze;27/10/1991;Male;0
f446-!nc5;Amberly Bennike;10/01/1998;Male;5
j443-!ev5;Aprilette Hopewell;04/11/1996;Male;4
k442-!cy5;Kelly Tettersell;23/02/1995;Female;4
p440-!t65;Dottie Smuth;06/06/1999;Male;1
v448-!k25;Alleyn Ruxton;13/06/1998;Female;3
z441-!lt5;Agatha Setchell;13/04/1995;Male;1
e445-!df5;Perren Hotson;03/10/1997;Female;1
u448-!qm5;Glennis Blincow;31/10/1999;Female;3
g441-!j05;Kristos Bargery;21/04/1991;Male;2
u449-!kx5;Lock Worsham;24/10/1992;Male;1
u447-!lr5;Wendall Lytlle;26/03/1995;Male;5
e442-!rj5;Elisabet Toffolini;12/09/1998;Male;1
q448-!xs5;Ty Ghidelli;23/06/1990;Male;5
n441-!st5;Axel Martinie;04/12/1999;Male;0
y445-!wy5;Keefe Pech;21/03/1992;Female;3
x443-!ee5;Gael Rance;26/10/1994;Female;0
k446-!cq5;Guillema Bankhurst;09/06/1996;Male;1
n446-!j45;Yves Scaife;01/08/1990;Male;4
x443-!bo5;Maure Verheyden;11/07/1994;Male;1
q445-!rv5;Deirdre Oventon;07/04/1993;Male;1
k441-!zy5;Anna-diana Zoane;07/11/1993;Female;0
v444-!yd5;Jose Waddie;06/03/1995;Female;0
x444-!uv5;Sunny Miroy;21/12/1997;Female;2
n444-!a15;Boycey Ferretti;08/08/1993;Male;2
c441-!xp5;Vittoria Clubbe;30/10/1990;Male;1
v449-!u35;Carling MacAllan;10/01/1990;Female;4
d449-!g15;Randall Forrestill;01/01/1992;Female;5
d447-!x75;Issi Yerill;14/03/1999;Female;1
y445-!w25;Gleda Yorston;27/08/1991;Male;3
f446-!kf5;Brandy Seden;05/08/1999;Female;4
m446-!ob5;Eugene Copas;26/05/1997;Male;3
f442-!mm5;Cristine Orpwood;13/06/1995;Female;2
t448-!nw5;Lane Pawlick;12/09/1998;Male;1
e448-!r55;Wallis Rainforth;25/11/1994;Male;4
u443-!nx5;Kellsie Halsworth;03/02/1997;Male;4
l440-!e95;Kalil Labeuil;10/05/1990;Male;4
b448-!rq5;Becca Joutapavicius;03/09/1991;Female;5
d449-!em5;Gerri Demonge;04/02/1992;Male;5
t444-!vw5;Robinette Stonbridge;24/08/1999;Female;0
n445-!yt5;Meade Garstang;23/08/1997;Male;1
z448-!eg5;Elberta Hanlon;23/05/1995;Male;0
j449-!px5;Kelcie Rowesby;14/06/1995;Female;5
e448-!qc5;Ilsa Reid;27/12/1999;Female;2
r441-!sy5;Hedwig Hadingham;13/12/1993;Male;4
q440-!uj5;Louise Weepers;08/12/1999;Female;1
u445-!is5;Michelle Kenwrick;11/03/1995;Female;1
b447-!uf5;Lorant Tresise;27/10/1995;Male;3
b443-!qi5;Feliza Gillcrist;14/03/1996;Female;5
r443-!xo5;Mame Akeherst;28/03/1994;Male;1
m449-!zu5;Carlene Houlworth;15/12/1997;Female;3
d443-!q25;Leilah MacLaughlin;28/04/1998;Male;3
i441-!hv5;Koren Aldington;29/08/1997;Female;3
d447-!qf5;Orsa Couldwell;03/11/1996;Male;1
b445-!hr5;Afton Ternent;22/12/1995;Female;3
l441-!lz5;Matti Powis;21/02/1990;Female;0
v449-!di5;Sam Ambrosoni;07/11/1997;Female;5
l444-!d85;Findley Jacquot;27/10/1994;Female;2
w449-!v95;Rowland Dopson;12/07/1996;Male;0
l442-!m55;Hestia Snazel;03/09/1993;Male;4
x446-!cn5;Paulina Choulerton;23/12/1991;Female;1
r441-!ez5;Garrard Grumble;26/01/1996;Female;3
m440-!rg5;Trescha Deddum;09/11/1999;Male;2
r444-!t85;Dorise Howles;25/03/1992;Female;5
s445-!wb5;Trev Attle;30/06/1990;Male;1
l443-!dw5;Basil Brightey;20/01/1993;Female;2
q441-!x35;Kariotta Andries;08/02/1995;Male;3
z445-!np5;Diandra Ruberti;05/07/1994;Male;1
s448-!qp5;Harriet Winston;10/04/1998;Female;5
f449-!tv5;Sara-ann Ovens;24/04/1998;Male;0
x440-!zo5;Pancho Hulance;15/10/1990;Female;4
n444-!xw5;Padgett Blampey;02/09/1992;Male;0
r444-!wu5;Andree Johnsey;24/01/1995;Male;2
r443-!bu5;Othelia Leadbeater;08/04/1990;Female;3
e445-!fm5;Sylvan Joiris;17/02/1997;Male;4
h445-!oo5;Jenica Grimmert;15/08/1996;Female;5
h444-!d95;Bettye Wolfarth;02/06/1997;Female;2
x441-!un5;Babita Drable;02/03/1994;Female;5
w445-!ja5;Jobi Hoofe;01/08/1995;Male;2
s448-!uj5;Randie Josipovic;09/11/1995;Male;0
v443-!pv5;Bruno Wadworth;13/09/1999;Female;1
y449-!c85;Dunn MacGillivrie;08/04/1999;Female;5
f446-!rx5;Blayne Vicioso;12/02/1992;Male;0
m442-!j35;Clarice Isley;07/08/1993;Female;2
a449-!c75;Norina Wipfler;26/01/1999;Female;1
y443-!ri5;June Chorley;23/07/1999;Male;0
v441-!s45;Bernardo Hoppner;22/06/1998;Female;3
x443-!sb5;Valerie Hully;07/12/1991;Female;4
l444-!ms5;Camala Grafhom;17/04/1997;Female;0
u445-!s05;Laurianne Crompton;23/05/1991;Male;2
m444-!hy5;Ailey Anespie;27/04/1990;Female;2
l448-!gj5;Wesley Peagram;16/06/1995;Male;2
a445-!ja5;Erny Amos;30/01/1991;Male;5
s441-!hj5;Mathilda Budnk;03/02/1993;Female;4
i440-!wp5;Kerk Newport;10/05/1998;Female;5
v441-!kq5;Angus Kidde;15/02/1992;Female;1
q441-!yo5;Locke Vaggs;24/07/1998;Female;5
i441-!zs5;Chris Swift;15/08/1999;Male;4
u448-!kv5;Hans Eadon;02/10/1990;Male;2
s440-!rr5;Ferguson Dennant;07/09/1998;Female;3
k440-!u15;Sallie Exroll;01/12/1999;Female;0
z443-!ft5;Illa Ditchfield;22/11/1996;Male;0
r440-!va5;Lewiss Castagnet;28/10/1994;Male;5
h442-!bo5;Trenton Poff;01/01/1990;Male;1
j448-!z05;Hewitt Plumptre;16/12/1991;Male;5
d440-!jw5;Darla Egarr;20/09/1998;Female;3
i443-!yo5;Geri Burchard;18/01/1997;Male;3
o446-!pr5;Keefe Reasce;17/04/1997;Female;4
c449-!ho5;Pauly Imm;05/11/1994;Female;4
d440-!gu5;Nikos Faulkes;06/02/1993;Female;2
o444-!l75;Darnell Borgnol;27/06/1994;Female;4
t446-!oz5;Gamaliel Smale;12/10/1995;Female;1
t445-!e35;Silvain Dawnay;11/11/1993;Female;4
n448-!j15;Geno Gott;28/10/1995;Male;5
d449-!t75;Kalle Arpur;27/01/1991;Male;3
h449-!kn5;Rafaellle Morales;10/11/1995;Male;4
c443-!kw5;Lexis Gerretsen;08/10/1994;Female;4
r447-!y75;Stephanie Bissatt;03/01/1992;Female;4
s444-!l55;Myra Christescu;29/04/1997;Male;2
l447-!yz5;Farrell Castro;03/12/1995;Male;3
r443-!gq5;August Kennedy;29/02/1996;Female;2
p442-!i15;Fred Trelease;26/01/1991;Male;1
x442-!gm5;Gleda Cheke;23/04/1990;Male;3
u442-!qa5;Karlen Gaisford;14/09/1996;Female;5
j444-!ih5;Jeralee Beardmore;15/04/1997;Male;2
c447-!qn5;Vilhelmina Gilcriest;10/05/1995;Female;4
x443-!t05;Adamo Levick;06/03/1993;Female;5
j444-!zz5;Bruno Januszewicz;15/01/1991;Male;3
m447-!g05;Karen Cockin;16/02/1992;Female;5
i449-!bo5;Verene Semmence;10/07/1994;Male;4
r448-!e65;Inessa Seares;23/03/1993;Female;1
r445-!yi5;Adela Bonnick;18/01/1993;Female;1
z440-!t95;Kimble Wyldbore;22/09/1992;Male;2
s440-!ot5;Amelina Jesty;26/09/1998;Female;0
f447-!yb5;Reeba De Caville;04/04/1996;Male;0
a440-!bl5;Ozzie Broschek;20/05/1992;Female;5
b446-!oy5;Zolly Halleday;03/11/1995;Female;0
p448-!nw5;Evaleen Botly;05/07/1991;Male;4
u441-!pb5;Jade Poolton;11/01/1995;Male;5
i441-!ho5;Antoine Valente;02/05/1998;Female;0
f441-!kt5;Erda Gelsthorpe;23/12/1992;Female;0
z443-!mq5;Ax Dumingos;18/10/1990;Male;3
h441-!g45;Doretta Muston;08/09/1996;Male;1
h443-!at5;Jennie Stainton;09/08/1999;Male;3
x446-!r45;Tomas Palluschek;04/01/1990;Female;0
s441-!vr5;Daune Flavelle;05/09/1996;Male;1
a447-!gb5;Fanchette Stainbridge;06/03/1994;Female;4
v443-!gr5;Wolfgang Le Monnier;08/09/1990;Male;1
i443-!o75;Cyrill Norssister;23/11/1996;Female;2
p443-!vq5;Morgun Brade;22/05/1999;Male;3
h443-!z25;Hadrian Orrah;31/07/1999;Male;4
w446-!ub5;Vail Millin;23/05/1996;Male;1
v444-!j75;Junina Normanvill;11/09/1997;Female;2
a441-!pg5;Katti Farrey;21/01/1994;Male;5
j441-!c25;Wilhelmine Ridger;19/03/1996;Female;3
l443-!q25;Archer Naris;11/05/1990;Female;5
v440-!kd5;Nanine Laying;21/08/1990;Male;5
w443-!vu5;Payton Healks;03/05/1994;Female;4
o447-!ij5;Mab Feavers;02/10/1994;Female;5
f442-!dx5;Stafani Paige;29/03/1994;Male;0
u445-!au5;Ahmad Blaxall;03/09/1997;Male;4
x448-!bb5;Arlena Mangon;20/05/1999;Male;3
o441-!a85;Hunfredo Magenny;17/06/1999;Female;4
l440-!i25;Kittie Lumsdaine;10/09/1995;Female;5
m444-!hm5;Leif Muirden;11/01/1993;Male;1
u445-!xs5;Allyn Coard;17/05/1990;Female;3
t441-!o95;Renie August;20/05/1998;Female;4
n449-!gb5;Dorine Plows;14/04/1991;Male;4
p440-!je5;Birgitta Grzegorek;21/05/1995;Male;4
s443-!pt5;Carmon Lowdyane;05/08/1991;Female;3
e441-!sh5;Stearn Wilcher;12/06/1995;Male;3
q447-!k75;Tam Hachette;08/06/1998;Male;0
i444-!qr5;Crin Yitshak;05/08/1997;Male;0
o449-!jr5;Sophie MacCome;08/03/1999;Male;4
u447-!g15;Jo Blackden;04/05/1998;Male;4
r448-!bm5;Bar Causon;25/09/1992;Female;2
k448-!zw5;Urbanus Gilogly;26/01/1992;Male;0
b443-!br5;Tanny Eastman;27/07/1999;Female;3
x446-!qt5;Travus Plinck;30/12/1991;Female;4
a449-!yu5;Prescott Van Daalen;16/09/1990;Female;0
n446-!lt5;Joceline Sneden;28/07/1995;Male;2
t446-!py5;Nan MacCaull;15/03/1993;Female;4
i440-!l85;Murdock Juza;26/03/1992;Male;2
f444-!mn5;Kenton MacGuiness;21/04/1999;Male;2
e447-!s35;Darby Pulver;23/03/1995;Female;5
r444-!z65;Nicoline Schonfelder;08/02/1996;Male;4
n448-!f75;Othilie Kunkler;26/11/1996;Female;1
x446-!md5;Lorrin Clappson;17/05/1993;Female;2
a449-!zc5;Hannie Thurstan;06/09/1995;Male;4
a441-!jp5;Revkah Domenico;25/05/1991;Female;2
t441-!vu5;Kyle Scourge;29/12/1994;Male;0
p447-!xr5;Bron Decroix;19/07/1991;Female;0
b448-!q05;Freddie O'Reagan;08/05/1997;Female;4
y449-!r15;Zahara Bikker;04/02/1995;Male;0
b440-!g15;Cleopatra Lerhinan;29/04/1999;Female;3
c446-!i95;Albina Scapens;25/10/1993;Male;3
c442-!ml5;Marya Curwen;11/08/1999;Male;0
j443-!oa5;Cilka O'Kerin;25/08/1998;Female;3
d441-!n65;Dene Cummins;06/07/1991;Male;1
b448-!ov5;Redford Turl;01/06/1994;Female;5
f441-!rj5;Barnard Phillipp;20/08/1996;Male;0
t446-!dw5;Nap Brotherhead;10/04/1998;Male;5
q447-!lp5;Felizio Jozsika;04/02/1992;Female;2
u445-!w75;Vincent Muggeridge;22/01/1990;Male;5
y444-!i25;Zsazsa Luesley;24/10/1995;Female;4
l448-!wz5;Kingston Philipps;16/12/1995;Male;0
g449-!dx5;Janeva Fassmann;07/02/1999;Female;3
f449-!f15;Law Cabble;27/02/1990;Male;3
x444-!to5;Marybeth Strickland;31/05/1999;Female;0
r441-!nt5;Tremain Chasmoor;04/10/1998;Male;5
l445-!nt5;Bibby Greenstock;05/07/1991;Male;1
o444-!ca5;Filip Goulter;02/01/1996;Female;4
j441-!i75;Carline Perrins;10/10/1999;Female;0
d444-!aj5;Valery Taunton;02/10/1993;Female;5
l446-!l15;Siward Roxbrough;16/06/1991;Female;2
q441-!gb5;Kaycee Halfacre;31/07/1996;Female;4
h449-!ot5;Alvina Cottell;14/02/1997;Male;5
u441-!x15;Gabrila Yielding;22/10/1990;Female;5
q443-!bs5;Papagena Marten;07/10/1999;Female;3
g445-!or5;Margarita Whittlesey;16/04/1991;Male;2
f442-!hn5;Kelcey Tourry;23/11/1998;Female;1
h445-!ov5;Othelia Ambrosio;04/11/1998;Male;2
u448-!hm5;Andrei Pither;22/02/1990;Male;3
i448-!i05;Georges Stonehewer;25/05/1993;Male;0
j446-!fv5;Leland Jezard;14/01/1995;Female;4
o445-!qc5;Locke Wiltshire;12/10/1995;Male;1
c449-!vq5;Joelie Toulamain;03/09/1999;Male;5
a448-!j55;Kathi Vanyukhin;09/04/1994;Female;1
q447-!xf5;Marylou Lawrence;17/12/1995;Female;1
w445-!mc5;Tyne Mulkerrins;21/11/1996;Female;1
v445-!qe5;Leona Lundon;12/11/1991;Male;2
u445-!gq5;Cece Klemps;16/12/1998;Female;0
o440-!un5;Davey Freddi;15/01/1998;Female;5
y447-!xb5;Bradly Gamble;27/08/1990;Female;1
y442-!ft5;Irena Romei;13/06/1992;Female;1
t447-!mt5;Norina Fruish;20/06/1995;Male;1
x448-!v35;Helge Sambidge;14/12/1998;Male;1
u444-!tn5;Hi Huot;10/04/1991;Male;3
v448-!jo5;Valerie Scowcroft;11/02/1995;Male;2
m442-!nm5;Engracia Collumbell;29/06/1990;Male;4
d440-!u45;Cyndia Doran;27/08/1995;Male;1
a448-!on5;Jeromy Hargraves;26/10/1992;Male;3
g443-!e45;Kirbee Dillaway;31/05/1995;Male;0
h448-!sh5;Jodie MacScherie;16/11/1991;Male;2
r443-!j35;Grayce Klainman;13/10/1997;Female;4
y442-!ld5;Cathryn Bermingham;13/09/1994;Male;2
d447-!s65;Rolfe Wilce;20/05/1999;Female;2
a445-!mc5;Anallise Immings;15/04/1998;Female;5
i444-!o95;Albrecht Deeson;01/02/1994;Male;5
n449-!j85;Tan Kemish;09/09/1997;Male;0
w445-!ua5;Deborah Thunderchief;29/08/1992;Male;1
t449-!ny5;Khalil Jorgesen;06/03/1995;Female;4
m446-!vh5;Doralin Sigfrid;09/02/1991;Female;4
s447-!mv5;Eugene Parham;01/11/1994;Male;3
p446-!m95;Quentin Bunton;13/04/1996;Male;1
h442-!ax5;Earvin Whissell;17/05/1994;Female;4
n447-!oh5;Flint Barby;30/03/1999;Male;1
j444-!w25;Dill Bortol;15/12/1999;Female;1
h445-!xr5;Olly Dagwell;30/03/1997;Male;1
r442-!uk5;Sebastiano McFeate;27/09/1991;Female;5
j449-!ah5;Milli Krzysztof;25/01/1993;Male;4
v442-!st5;Wallie Ribbens;11/07/1998;Male;0
l442-!ia5;Christen Gobolos;30/12/1999;Female;2
v440-!e05;Danice Sydes;01/11/1997;Male;0
n441-!dc5;Fredelia Doulden;09/05/1996;Male;5
m441-!l95;Blake Sabati;13/02/1997;Female;3
n446-!fd5;Johannah Geany;18/08/1993;Female;1
s443-!hb5;Peria Blasl;21/03/1998;Female;3
t448-!ja5;Rhianna Schulkins;26/02/1999;Male;5
r440-!u35;Jinny Chipperfield;25/03/1998;Male;4
u443-!hw5;Clay Hegge;07/10/1993;Female;1
h446-!bd5;Jillana MacAleese;19/05/1995;Male;4
f445-!tg5;Marlowe Cockaday;25/02/1994;Female;0
b446-!pi5;Benito Rookeby;19/08/1998;Male;2
h445-!yp5;Randa Jenney;16/08/1995;Male;2
h449-!kt5;Gabrielle Franzewitch;14/01/1999;Female;5
z443-!f65;Lonnie Wodham;26/11/1990;Female;2
p446-!rj5;Homere MacVean;19/04/1998;Male;0
u447-!kw5;Udale Larway;05/03/1997;Male;5
m447-!zx5;Teri Brantl;11/05/1997;Female;1
h444-!x05;Aida Hartin;27/04/1991;Female;0
s448-!rb5;Harwilll Spark;16/02/1999;Male;1
h444-!ld5;Dene Endricci;21/06/1991;Male;2
d444-!mf5;Dorri Kepling;05/06/1995;Female;3
o441-!rp5;Nerita Scotchbrook;22/07/1997;Female;4
f449-!k05;Irena Hulett;25/12/1991;Female;2
k445-!xl5;Dorey Carvell;17/09/1997;Female;1
u442-!xy5;Frank Fullilove;04/03/1993;Male;4
i449-!qe5;Alvira Ruffell;24/10/1993;Male;2
f442-!av5;Malia Ansett;09/05/1992;Male;1
a447-!h95;Helenka Sagg;25/01/1998;Male;1
x440-!jr5;Harri McGeouch;18/04/1998;Female;0
x449-!rb5;Glenden Stutt;01/11/1994;Male;5
q443-!z25;Alyse Stops;27/05/1993;Female;3
u444-!e55;Mannie Aylin;02/03/1997;Male;1
i443-!f35;Vickie Pendre;24/05/1996;Female;1
n448-!oc5;Fabian Penhallurick;20/05/1991;Female;0
a440-!wn5;Kennan Lipscomb;15/08/1992;Female;3
c447-!pm5;Lazare Wooderson;13/07/1996;Female;5
m448-!vg5;Dodie Coleridge;28/12/1993;Female;3
x440-!ko5;Rodi Heugh;25/02/1994;Female;4
w446-!nk5;Ari Collins;25/01/1994;Female;5
l447-!sv5;Berthe Schouthede;13/11/1999;Male;0
o441-!gf5;Binni Kerans;27/07/1996;Female;5
b444-!zq5;Sean Leedal;11/05/1996;Male;4
a441-!ol5;Andrei Larkcum;10/05/1991;Female;0
i443-!x15;Boigie Olekhov;27/10/1993;Male;4
s447-!tu5;Gothart Arger;24/11/1999;Female;4
j442-!hu5;Keene Hansed;25/12/1995;Female;0
g449-!ij5;Rutger Maffi;31/05/1996;Male;5
q447-!zs5;Stacie Bithany;27/11/1998;Female;3
l447-!ki5;Osborn Barradell;31/05/1993;Female;0
z448-!dl5;Reinaldos Sadry;02/05/1992;Female;1
i442-!pf5;Llywellyn Peert;10/05/1996;Female;4
i440-!xz5;Nicolas Stoddart;28/12/1992;Male;2
e446-!yg5;Kessia Arend;07/09/1995;Male;5
k447-!qy5;Jacob Aingel;26/04/1994;Female;5
s446-!ye5;Aldo Brouard;12/12/1999;Male;4
r442-!fu5;Jenni Hritzko;18/10/1994;Male;1
a447-!pb5;Adele Scotter;07/03/1994;Male;4
n445-!h85;Sebastian Seilmann;22/10/1992;Male;3
r448-!mm5;Katleen Cicchelli;17/08/1990;Female;3
u448-!ql5;Alina Abbess;14/08/1990;Female;3
s447-!fe5;Nanon Petrolli;28/03/1998;Male;1
p444-!al5;Saudra MacFadin;04/02/1994;Male;2
d448-!or5;Augustina Giacomelli;24/08/1995;Male;3
m442-!ak5;Yolane Rubenczyk;20/11/1992;Female;4
o449-!in5;Mellicent Ortelt;07/04/1995;Male;1
z449-!ae5;Trever Cordel;08/03/1992;Female;5
k445-!nr5;Wakefield Mitkcov;02/01/1996;Female;0
d443-!ct5;Clovis Treble;07/11/1998;Male;4
k445-!ll5;Simonne Klimuk;01/06/1997;Male;1
n443-!y25;Larry Martensen;28/02/1998;Male;2
u440-!mz5;Elnora Vinick;27/05/1995;Female;3
b449-!yj5;Francine Prickett;08/12/1993;Female;4
e443-!z95;Sidnee McCardle;12/06/1991;Female;2
c442-!vc5;Saunders Ebi;27/02/1996;Female;5
e441-!lg5;Alexio Oram;29/09/1992;Male;4
f442-!m05;Tory Drinkwater;09/12/1990;Female;5
g444-!qd5;Karia Kellie;17/08/1996;Female;2
t449-!cr5;Nickie Goathrop;05/02/1993;Female;0
x440-!bq5;Cord Gaylor;12/04/1997;Male;2
n449-!ms5;Alvie Dorrity;25/12/1996;Female;0
n448-!q85;Huntington Ponter;12/02/1992;Male;5
f447-!i75;Jasmina Salt;11/04/1999;Female;5
s444-!v55;Heinrik Vesque;15/08/1995;Male;1
o442-!ss5;Frants Sparey;28/01/1994;Female;3
h445-!kv5;Letty Bryan;20/07/1996;Female;4
k444-!qr5;Jacklyn Attwell;22/06/1995;Male;1
v444-!bp5;Tildi Pollastro;15/05/1999;Female;5
o443-!wn5;Aggy Frankom;03/01/1991;Male;4
d441-!yp5;Farand Sanderson;05/09/1994;Male;1
q441-!r25;Therese Dumingos;07/11/1997;Male;0
r446-!ca5;Joe Poizer;06/11/1990;Male;0
a444-!n85;Herminia Dominetti;16/04/1990;Male;3
j449-!yi5;Rebecka Scampion;02/09/1994;Female;3
c447-!pm5;Trix Durnford;30/06/1997;Male;0
f447-!im5;Stewart Ransbury;08/01/1997;Female;1
t444-!wy5;Orlan Hampshire;07/02/1996;Female;0
h445-!a85;Marshall Dary;16/09/1992;Male;5
d442-!eo5;Shelton Aprahamian;23/05/1999;Female;0
t445-!yp5;Tucky Eaden;20/04/1990;Male;0
g444-!kw5;Stephanus Hamper;06/03/1990;Female;5
t446-!ac5;Sarah Banker;24/05/1992;Male;5
i441-!hb5;Reese Scaice;06/06/1996;Female;5
m444-!sm5;Hersch Clubley;29/04/1997;Female;1
q446-!y25;Hazlett Abrahamovitz;21/04/1992;Male;4
o448-!bw5;Weider Rabbage;09/02/1992;Male;4
j443-!wa5;Carl Vigar;31/10/1994;Female;0
p442-!z25;Estevan Knaggs;09/03/1995;Female;3
n448-!s95;Morganica Davioud;04/04/1997;Male;2
u449-!g05;Maxy Capnerhurst;09/02/1990;Female;5
h443-!gt5;Gaelan Compfort;18/05/1991;Male;1
w444-!mp5;Elena Roels;30/10/1995;Male;1
y448-!pq5;Aleen Yalden;13/11/1997;Male;4
b440-!y05;Tanner Ginnaly;26/01/1998;Female;2
r445-!rq5;Peadar Gainsborough;03/06/1990;Female;1
h441-!r35;Bernette Hamil;18/06/1991;Female;5
o446-!o25;Stormy Sermin;16/06/1993;Female;2
c440-!x95;Bradan Stronack;14/02/1994;Female;5
f445-!jf5;Cody Goodricke;20/04/1998;Female;1
p447-!v55;Mill Coultass;26/07/1993;Female;4
k442-!r15;Aldridge Guinness;05/01/1999;Male;4
p441-!ud5;Elia Leverentz;20/10/1996;Male;4
v446-!z15;Trix Askey;02/10/1990;Male;2
g449-!l15;Wolfgang Esp;04/02/1999;Female;5
b449-!hv5;Karola Hawker;18/03/1990;Male;5
v444-!zj5;Trula Ellph;08/05/1997;Female;0
c441-!t65;Idalia Baldetti;15/06/1992;Male;2
e446-!sk5;Kermy Swiffen;23/06/1993;Female;4
j446-!qd5;Odell Rathe;21/01/1994;Female;5
u443-!fk5;Cathee Sackur;07/03/1990;Female;3
p442-!gy5;Timi Linden;13/07/1991;Female;1
g443-!w05;Neddy Hellikes;12/07/1992;Male;3
l445-!p15;Kassie Whebell;13/03/1993;Female;1
n445-!gi5;Jewell Galier;23/08/1990;Female;0
h441-!ry5;Marie Hankins;23/12/1998;Male;3
r442-!oi5;Wolf Gisburn;09/12/1993;Male;2
l443-!zg5;Kimberlee Esson;22/04/1994;Female;4
g448-!r25;Niles Casterot;18/09/1993;Male;3
y442-!te5;Cristin Lambal;27/08/1997;Female;0
u449-!q55;Corly Ranner;03/07/1998;Female;2
p446-!q95;Felicia Domke;03/09/1994;Male;4
e445-!bn5;Royall Fell;01/04/1993;Male;1
w442-!a15;Benedick Rehme;04/08/1994;Female;2
f447-!c65;Thaddeus Fleeming;18/08/1995;Female;3
g445-!k25;Brody Ligerton;27/11/1997;Female;3
u446-!m65;Ancell Mountney;02/06/1996;Female;0
z448-!up5;Pippo Sposito;17/09/1992;Male;5
h441-!h25;Marten Olkowicz;27/08/1998;Male;1
i448-!ut5;Coleman Skirvin;18/12/1999;Male;3
b448-!i95;Jill Brockie;14/08/1999;Male;2
m446-!ty5;Lemar Aust;07/05/1992;Female;5
t440-!o05;Loralie Rahlof;09/02/1991;Female;4
s448-!fm5;Jacquelin Wogden;07/12/1993;Female;2
p444-!kd5;Merrill Rennix;29/01/1991;Female;4
v447-!yo5;Randell Traynor;06/02/1991;Female;0
h445-!vv5;Claire Fearnyhough;20/08/1996;Male;1
v442-!jy5;Melanie Lindgren;23/06/1994;Male;2
t441-!sz5;Rog Kevern;14/04/1997;Male;0
p446-!ar5;Anne Robillard;24/06/1996;Female;3
r443-!ek5;Lorna Anstie;19/08/1991;Female;4
q447-!k75;Shannon Umfrey;22/02/1997;Male;0
c444-!k65;Chloette Ludford;27/08/1994;Female;1
p440-!v75;Barnaby Garside;09/10/1993;Male;3
k440-!mh5;Ricki Dawbury;26/01/1993;Female;0
n446-!nh5;Roxie Crowley;22/01/1990;Female;3
k444-!en5;Karlyn Izakson;18/05/1995;Male;0
t440-!ea5;Rosanne Grenter;08/04/1998;Male;1
m442-!m65;Gizela Sunock;21/11/1992;Female;4
x443-!mj5;Murdoch Gurney;15/02/1998;Male;3
h449-!lc5;Lucio Rides;16/09/1990;Male;1
s447-!zv5;Cindi Wiggall;27/07/1992;Female;5
d444-!g75;Jorge Mityashin;18/01/1992;Male;5
a449-!qe5;Lanie McNerlin;04/03/1998;Male;1
l445-!jv5;Ara Crocetto;27/04/1996;Male;0
v440-!hk5;Virge McCreery;22/11/1999;Female;0
w441-!wm5;Armin Brizland;22/04/1995;Female;3
v442-!a75;Audrye Patrono;04/07/1997;Male;4
c449-!un5;Lorianne Keers;11/05/1994;Female;3
o447-!mv5;Liam Miles;20/08/1991;Male;0
g443-!jm5;Fianna Maywood;23/12/1997;Female;0
u443-!ny5;Kiley Rhelton;09/06/1993;Female;0
e442-!gm5;Darci Sisey;10/11/1991;Female;0
t441-!tx5;Bryn Cavie;12/02/1993;Male;1
t447-!ak5;Maybelle Quickenden;23/05/1998;Female;0
v449-!mz5;Meggi Rankine;10/10/1990;Male;1
a443-!ud5;Danya Bramwich;04/10/1990;Male;2
t441-!lv5;Morris Jancic;21/07/1995;Male;2
b448-!tz5;Jakob Birtley;28/01/1996;Female;0
l446-!og5;Paddy Woodbridge;29/03/1993;Male;4
a446-!zg5;Krystal Akester;19/02/1993;Male;4
c445-!ft5;Kerrie Pagon;20/09/1997;Female;0
i448-!bs5;Adriana Parkyn;23/08/1995;Male;4
l440-!z55;Robby Wathan;22/06/1997;Female;4
k449-!wa5;Adina Korneluk;26/02/1990;Male;4
p443-!pb5;Cortie Opfer;02/10/1999;Female;5
t447-!ws5;Kylen Dearle;12/10/1995;Female;5
b446-!l85;Darryl Doldon;21/06/1991;Male;0
t444-!ne5;Conny Manueau;29/11/1994;Male;3
f446-!rc5;Tyrone Walbrun;07/08/1997;Male;0
j446-!pa5;Meggie Ives;11/12/1994;Male;2
e442-!a75;Devonna Bussetti;21/12/1996;Male;4
t441-!ou5;Francoise Greenall;04/07/1996;Male;0
i441-!w55;Lezlie King;06/04/1992;Female;5
y443-!i45;Alasdair Sinderland;13/05/1995;Male;3
f441-!rj5;Muffin Broadberry;22/06/1996;Male;3
j445-!f65;Andre Striker;27/09/1991;Male;2
p442-!ho5;Phillis Mattes;12/04/1990;Male;4
v441-!n25;Greta Burchall;28/09/1992;Male;2
p447-!d25;Gino Ireson;15/06/1992;Male;0
e446-!b05;Esmeralda Feaks;11/01/1992;Female;4
h440-!zr5;Catharina Dunford;01/11/1995;Male;1
s449-!su5;Antonin Helmke;08/02/1992;Male;5
h449-!d85;Dianne Jaumet;22/01/1992;Male;0
x448-!po5;Rubie Ellif;26/07/1993;Male;5
e440-!iy5;Donica Wittman;27/09/1990;Female;2
n442-!z75;Merwin Wardesworth;28/12/1995;Male;0
f443-!so5;Law Asplin;15/04/1995;Male;5
e449-!vx5;Benton Giddy;03/11/1995;Male;4
n449-!be5;Silvio Benes;24/01/1995;Male;3
i449-!zj5;Giles Rounding;01/01/1995;Male;3
t446-!x95;Barry Longbothom;05/08/1999;Male;3
a446-!ao5;Wilhelmine Kellogg;31/10/1995;Female;5
n447-!fs5;Freddy Congreave;13/11/1994;Male;1
a446-!hg5;Joelly Valenti;09/10/1999;Male;0
y447-!d35;Fina Bilbey;05/11/1991;Female;1
v442-!jt5;Annissa Henrion;25/03/1994;Male;4
m446-!a15;Haskell Lukacs;15/03/1996;Male;4
q445-!jo5;Correna Kleint;29/03/1991;Female;4
r445-!op5;Desmund Overbury;04/12/1994;Male;5
u440-!b65;Meredeth Blanko;01/08/1995;Female;5
c449-!b15;Samara Gleave;17/08/1996;Male;0
c447-!fa5;Brendin Giddens;04/02/1996;Male;2
w447-!o75;Arley Fransewich;25/04/1990;Male;4
t443-!co5;Selina Ceschelli;07/03/1995;Male;5
c441-!ex5;Ulrica Tomczynski;18/05/1992;Female;0
j449-!y95;Gracie Merrison;25/07/1993;Male;1
e444-!e25;Drusilla Westmore;25/11/1998;Female;3
a445-!ui5;Shane Pandey;23/08/1998;Male;0
x449-!xc5;Jordana Leftridge;09/04/1994;Female;4
j442-!ot5;Magdalena Gillions;01/06/1998;Female;2
a449-!e25;Brande McDiarmid;25/03/1993;Female;0
